{
  "patient_name": "Jane Doe",
  "age": 58,
  "sex": "F",
  "medical_history": [
    "Type 2 Diabetes",
    "Hypertension",
    "Hyperlipidemia"
  ],
  "current_symptoms": [
    "Fatigue",
    "Persistent dry cough",
    "Shortness of breath",
    "Mild chest discomfort"
  ],
  "vitals": {
    "temperature": 100.2,
    "blood_pressure": "150/95",
    "heart_rate": 102,
    "oxygen_saturation": 93
  },
  "medications": [
    {
      "name": "Metformin",
      "dose": "500mg",
      "frequency": "twice daily"
    },
    {
      "name": "Lisinopril",
      "dose": "10mg",
      "frequency": "once daily"
    },
    {
      "name": "Atorvastatin",
      "dose": "20mg",
      "frequency": "once daily"
    }
  ],
  "social_history": {
    "smoking": "Quit 5 years ago",
    "alcohol": "Occasional",
    "occupation": "Office manager"
  },
  "allergies": [
    "Penicillin"
  ]
}
