{
  "patient_id": "12345",
  "age": 52,
  "sex": "F",
  "medical_history": [
    "Type 2 Diabetes",
    "Hypertension",
    "Gallstones"
  ],
  "current_symptoms": [
    "Abdominal pain",
    "Nausea",
    "Fever"
  ],
  "vital_signs": {
    "temperature": 101.2,
    "blood_pressure": "145/90",
    "heart_rate": 95
  },
  "labs": {
    "WBC": 13.4,
    "Glucose": 198,
    "ALT": 85,
    "AST": 79
  },
  "medications": [
    "Metformin",
    "Lisinopril",
    "Acetaminophen"
  ],
  "doctor_notes": "Patient reports worsening abdominal pain over the past 24 hours. History of gallstones. Tenderness in RUQ. No vomiting. Appears mildly distressed."
}
